{
    "score": -0.38235294117647056,
    "exact_accuracy": 0.0,
    "accuracy": 0.0,
    "hallucination": 0.38235294117647056,
    "missing": 0.6176470588235294,
    "n_miss": 21,
    "n_correct": 0,
    "n_correct_exact": 0,
    "total": 34
}